{
  "ClientID": "143b27b7-4dae-4838-8cf7-1cf728f2e375",
  "ClientSecret": "wTVd-mvKR~iCP.zKjO_YLXd5j5APPLJ9hb",
  "TenantID": "a3acfb1d-7223-491f-933c-be4eda57d944",
  "SubscriptionID": "f3323769-d6c9-476b-9255-911aeb84b3ed",
  "SubscriptionName": "Pay-As-You-Go Dev/Test",
  "ResourceGroupName": "rg-testi3analytics",
  "Email": "kpolisetty@i3its.com",
  "PowerBIWorkspaceID": "1b38d25b-1f01-4bea-8fe4-25248730d41a",
  "StorageAccountKey": "z8awx+G8pZufQT3HwOTxh9IB102MPWMMEdaRpjFPOP9sm7FKnu5aX36OqLNcKDudXPa0eLqk9jxU+AStkdb5fg==",
  "ResourcePrefix": "i3bigtest003"
}