{
  "properties": {
    "mode": "Incremental",
    "template": {
      "$schema": "https://schema.management.azure.com/schemas/2019-04-01/deploymentTemplate.json#",
      "contentVersion": "1.0.0.0",
      "parameters": {
        "vulnerabilityAssessments_Default_storageContainerPath": {
          "defaultValue": "https://##STORAGE##.dfs.core.windows.net/scans",
          "type": "SecureString"
        },
        "i3_workspace_synapse_name": {
          "defaultValue": "##RESOURCENAME##",
          "type": "String"
        },
        "i3_storageaccount_name": {
          "defaultValue": "/subscriptions/##SUBSCRIPTION##/resourceGroups/##RESOURCEGROUP##/providers/Microsoft.Storage/storageAccounts/##STORAGE##",
          "type": "String"
        }
      },
      "variables": {},
      "resources": [
        {
          "type": "Microsoft.Synapse/workspaces",
          "apiVersion": "2021-06-01",
          "name": "[parameters('i3_workspace_synapse_name')]",
          "location": "eastus",
          "tags": {
            "CreatedBy": "Krishna Polisetty",
            "Date Created": "04/26/2022"
          },
          "identity": {
            "type": "SystemAssigned"
          },
          "properties": {
            "defaultDataLakeStorage": {
              "resourceId": "[parameters('i3_storageaccount_name')]",
              "createManagedPrivateEndpoint": false,
              "accountUrl": "https://##STORAGE##.dfs.core.windows.net",
              "filesystem": "kpstorage"
            },
            "encryption": {},
            "connectivityEndpoints": {
              "web": "[concat('https://web.azuresynapse.net?workspace=%2fsubscriptions%2f##SUBSCRIPTION##%2fresourceGroups%2f##RESOURCEGROUP##%2fproviders%2fMicrosoft.Synapse%2fworkspaces%2f', parameters('i3_workspace_synapse_name'))]",
              "dev": "[concat('https://', parameters('i3_workspace_synapse_name'), '.dev.azuresynapse.net')]",
              "sqlOnDemand": "[concat(parameters('i3_workspace_synapse_name'), '-ondemand.sql.azuresynapse.net')]",
              "sql": "[concat(parameters('i3_workspace_synapse_name'), '.sql.azuresynapse.net')]"
            },
            "managedResourceGroupName": "synapseworkspace-managedrg-##MANAGERESOURCEGROUPID##",
            "sqlAdministratorLogin": "sqladminuser",
            "privateEndpointConnections": [],
            "publicNetworkAccess": "Enabled",
            "cspWorkspaceAdminProperties": {
              "initialWorkspaceAdminObjectId": "a70d9926-8814-4450-98c2-4f560e2c94a1"
            },
            "azureADOnlyAuthentication": false,
            "trustedServiceBypassEnabled": false
          }
        },
        {
          "type": "Microsoft.Synapse/workspaces/auditingSettings",
          "apiVersion": "2021-06-01",
          "name": "[concat(parameters('i3_workspace_synapse_name'), '/Default')]",
          "dependsOn": [
            "[resourceId('Microsoft.Synapse/workspaces', parameters('i3_workspace_synapse_name'))]"
          ],
          "properties": {
            "retentionDays": 0,
            "auditActionsAndGroups": [],
            "isStorageSecondaryKeyInUse": false,
            "isAzureMonitorTargetEnabled": false,
            "state": "Disabled",
            "storageAccountSubscriptionId": "00000000-0000-0000-0000-000000000000"
          }
        },
        {
          "type": "Microsoft.Synapse/workspaces/azureADOnlyAuthentications",
          "apiVersion": "2021-06-01",
          "name": "[concat(parameters('i3_workspace_synapse_name'), '/default')]",
          "dependsOn": [
            "[resourceId('Microsoft.Synapse/workspaces', parameters('i3_workspace_synapse_name'))]"
          ],
          "properties": {
            "azureADOnlyAuthentication": false
          }
        },
        {
          "type": "Microsoft.Synapse/workspaces/dedicatedSQLminimalTlsSettings",
          "apiVersion": "2021-06-01",
          "name": "[concat(parameters('i3_workspace_synapse_name'), '/default')]",
          "location": "eastus",
          "dependsOn": [
            "[resourceId('Microsoft.Synapse/workspaces', parameters('i3_workspace_synapse_name'))]"
          ],
          "properties": {
            "minimalTlsVersion": "1.2"
          }
        },
        {
          "type": "Microsoft.Synapse/workspaces/extendedAuditingSettings",
          "apiVersion": "2021-06-01",
          "name": "[concat(parameters('i3_workspace_synapse_name'), '/Default')]",
          "dependsOn": [
            "[resourceId('Microsoft.Synapse/workspaces', parameters('i3_workspace_synapse_name'))]"
          ],
          "properties": {
            "retentionDays": 0,
            "auditActionsAndGroups": [],
            "isStorageSecondaryKeyInUse": false,
            "isAzureMonitorTargetEnabled": false,
            "state": "Disabled",
            "storageAccountSubscriptionId": "00000000-0000-0000-0000-000000000000"
          }
        },
        {
          "type": "Microsoft.Synapse/workspaces/firewallRules",
          "apiVersion": "2021-06-01",
          "name": "[concat(parameters('i3_workspace_synapse_name'), '/allowAll')]",
          "dependsOn": [
            "[resourceId('Microsoft.Synapse/workspaces', parameters('i3_workspace_synapse_name'))]"
          ],
          "properties": {
            "startIpAddress": "0.0.0.0",
            "endIpAddress": "255.255.255.255"
          }
        },
        {
          "type": "Microsoft.Synapse/workspaces/integrationruntimes",
          "apiVersion": "2021-06-01",
          "name": "[concat(parameters('i3_workspace_synapse_name'), '/AutoResolveIntegrationRuntime')]",
          "dependsOn": [
            "[resourceId('Microsoft.Synapse/workspaces', parameters('i3_workspace_synapse_name'))]"
          ],
          "properties": {
            "type": "Managed",
            "typeProperties": {
              "computeProperties": {
                "location": "AutoResolve"
              }
            }
          }
        },
        {
          "type": "Microsoft.Synapse/workspaces/securityAlertPolicies",
          "apiVersion": "2021-06-01",
          "name": "[concat(parameters('i3_workspace_synapse_name'), '/Default')]",
          "dependsOn": [
            "[resourceId('Microsoft.Synapse/workspaces', parameters('i3_workspace_synapse_name'))]"
          ],
          "properties": {
            "state": "Disabled",
            "disabledAlerts": [
              ""
            ],
            "emailAddresses": [
              ""
            ],
            "emailAccountAdmins": false,
            "retentionDays": 0
          }
        }
      ]
    }
  }
}