{
  "properties": {
    "mode": "Incremental",
    "template": {
      "$schema": "http://schema.management.azure.com/schemas/2015-01-01/deploymentTemplate.json#",
      "contentVersion": "1.0.0.0",
      "parameters": {
        "name": {
          "type": "string",
          "defaultValue": "##RESOURCENAME##"
        },
        "workspaceName": {
          "type": "string",
          "defaultValue": "##SYNAPSENAME##"
        },
        "location": {
          "type": "string",
          "defaultValue": "##LOCATION##"
        },
        "tags": {
          "type": "object",
          "defaultValue": {
            "CreatedBy": "Krishna Polisetty",
            "DateCreated": "4/27/2022"
          }
        },
        "isComputeIsolationEnabled": {
          "type": "bool",
          "defaultValue": false
        },
        "autoScaleEnabled": {
          "type": "bool",
          "defaultValue": true
        },
        "autoScaleMinNodeCount": {
          "type": "int",
          "defaultValue": 3
        },
        "autoScaleMaxNodeCount": {
          "type": "int",
          "defaultValue": 40
        },
        "nodeCount": {
          "type": "int",
          "defaultValue": 3
        },
        "nodeSizeFamily": {
          "type": "string",
          "defaultValue": "MemoryOptimized"
        },
        "nodeSize": {
          "type": "string",
          "defaultValue": "Medium"
        },
        "cacheSize": {
          "type": "int",
          "defaultValue": 0
        },
        "dynamicExecutorAllocationEnabled": {
          "type": "bool",
          "defaultValue": false
        },
        "dynamicExecutorAllocationMinExecutors": {
          "type": "int",
          "defaultValue": 1
        },
        "dynamicExecutorAllocationMaxExecutors": {
          "type": "int",
          "defaultValue": 10
        },
        "autoPauseEnabled": {
          "type": "bool",
          "defaultValue": true
        },
        "autoPauseDelayInMinutes": {
          "type": "int",
          "defaultValue": 15
        },
        "sparkVersion": {
          "type": "string",
          "defaultValue": "3.1"
        },
        "libraryRequirementsFilename": {
          "type": "string",
          "defaultValue": "requirements.txt"
        },
        "libraryRequirementsContent": {
          "type": "string",
          "defaultValue": "pdfminer==20191125"
        },
        "sessionLevelPackagesEnabled": {
          "type": "bool",
          "defaultValue": false
        },
        "sparkConfigPropertiesFileName": {
          "type": "string",
          "defaultValue": ""
        },
        "sparkConfigPropertiesContent": {
          "type": "string",
          "defaultValue": ""
        },
        "sparkConfigPropertiesConfigurationType": {
          "type": "string",
          "defaultValue": ""
        }
      },
      "variables": {},
      "resources": [
        {
          "type": "Microsoft.Synapse/workspaces/bigDataPools",
          "apiVersion": "2019-06-01-preview",
          "name": "[concat(parameters('workspaceName'), '/', parameters('name'))]",
          "location": "[parameters('location')]",
          "tags": "[parameters('tags')]",
          "properties": {
            "nodeCount": "[parameters('nodeCount')]",
            "isComputeIsolationEnabled": "[parameters('isComputeIsolationEnabled')]",
            "nodeSizeFamily": "[parameters('nodeSizeFamily')]",
            "nodeSize": "[parameters('nodeSize')]",
            "autoScale": {
              "enabled": "[parameters('autoScaleEnabled')]",
              "minNodeCount": "[parameters('autoScaleMinNodeCount')]",
              "maxNodeCount": "[parameters('autoScaleMaxNodeCount')]"
            },
            "cacheSize": "[parameters('cacheSize')]",
            "dynamicExecutorAllocation": {
              "enabled": "[parameters('dynamicExecutorAllocationEnabled')]",
              "minExecutors": "[parameters('dynamicExecutorAllocationMinExecutors')]",
              "maxExecutors": "[parameters('dynamicExecutorAllocationMaxExecutors')]"
            },
            "autoPause": {
              "enabled": "[parameters('autoPauseEnabled')]",
              "delayInMinutes": "[parameters('autoPauseDelayInMinutes')]"
            },
            "sparkVersion": "[parameters('sparkVersion')]"
            //"libraryRequirements": {
            //  "filename": "[parameters('libraryRequirementsFilename')]",
            //  "content": "[parameters('libraryRequirementsContent')]"
            //},
            //"sessionLevelPackagesEnabled": "[parameters('sessionLevelPackagesEnabled')]",
            //"sparkConfigProperties": {
            //  "configurationType": "[parameters('sparkConfigPropertiesConfigurationType')]",
            //  "filename": "[parameters('sparkConfigPropertiesFileName')]",
            //  "content": "[parameters('sparkConfigPropertiesContent')]"
            //}
          }
        }
      ],
      "outputs": {}
    }
  }
}