{
  "properties": {
    "mode": "Incremental",
    "template": {
      "$schema": "https://schema.management.azure.com/schemas/2019-04-01/deploymentTemplate.json#",
      "contentVersion": "1.0.0.0",
      "parameters": {
        "serverfarms_i3poc_name": {
          "defaultValue": "##RESOURCENAME##",
          "type": "String"
        }
      },
      "variables": {},
      "resources": [
        {
          "type": "Microsoft.Web/serverfarms",
          "apiVersion": "2021-03-01",
          "name": "[parameters('serverfarms_i3poc_name')]",
          "location": "##LOCATION##",
          "tags": {
            "CreatedBy": "Krishna Polisetty"
          },
          "sku": {
            "name": "S1",
            "tier": "Standard",
            "size": "S1",
            "family": "S",
            "capacity": 1
          },
          "kind": "app",
          "properties": {
            "perSiteScaling": false,
            "elasticScaleEnabled": false,
            "maximumElasticWorkerCount": 1,
            "isSpot": false,
            "reserved": false,
            "isXenon": false,
            "hyperV": false,
            "targetWorkerCount": 0,
            "targetWorkerSizeId": 0,
            "zoneRedundant": false
          }
        }
      ]
    }
  }
}

