{
  "properties": {
    "mode": "Incremental",
    "template": {
      "$schema": "http://schema.management.azure.com/schemas/2015-01-01/deploymentTemplate.json#",
      "contentVersion": "1.0.0.0",
      "parameters": {
        "subscriptionId": {
          "type": "string",
          "defaultValue": "##SUBSCRIPTION##"
        },
        "name": {
          "type": "string",
          "defaultValue": "##RESOURCENAME##"
        },
        "location": {
          "type": "string",
          "defaultValue": "##LOCATION##"
        },
        "hostingPlanName": {
          "type": "string",
          "defaultValue": "##APPPLAN##"
        },
        "serverFarmResourceGroup": {
          "type": "string",
          "defaultValue": "##RESOURCEGROUP##"
        },
        "alwaysOn": {
          "type": "bool",
          "defaultValue": true
        },
        "use32BitWorkerProcess": {
          "type": "bool",
          "defaultValue": true
        },
        "storageAccountName": {
          "type": "string",
          "defaultValue": "##STORAGE##"
        },
        "netFrameworkVersion": {
          "type": "string",
          "defaultValue": "v6.0"
        }
      },
      "variables": {},
      "resources": [
        {
          "apiVersion": "2018-11-01",
          "name": "[parameters('name')]",
          "type": "Microsoft.Web/sites",
          "kind": "functionapp",
          "location": "[parameters('location')]",
          "tags": {
            "CreatedBy": "Krishna Polisetty",
            "hidden-link: /app-insights-resource-id": "/subscriptions/##SUBSCRIPTION##/resourceGroups/##RESOURCEGROUP##/providers/Microsoft.Insights/components/##RESOURCENAME##"
          },
          "dependsOn": [
            "microsoft.insights/components/##RESOURCENAME##"
          ],
          "properties": {
            "name": "[parameters('name')]",
            "siteConfig": {
              "appSettings": [
                {
                  "name": "FUNCTIONS_EXTENSION_VERSION",
                  "value": "~4"
                },
                {
                  "name": "FUNCTIONS_WORKER_RUNTIME",
                  "value": "dotnet"
                },
                {
                  "name": "APPINSIGHTS_INSTRUMENTATIONKEY",
                  "value": "[reference('microsoft.insights/components/##RESOURCENAME##', '2015-05-01').InstrumentationKey]"
                },
                {
                  "name": "APPLICATIONINSIGHTS_CONNECTION_STRING",
                  "value": "[reference('microsoft.insights/components/##RESOURCENAME##', '2015-05-01').ConnectionString]"
                },
                {
                  "name": "AzureWebJobsStorage",
                  "value": "[concat('DefaultEndpointsProtocol=https;AccountName=',parameters('storageAccountName'),';AccountKey=','##STORAGEKEY##',';EndpointSuffix=','core.windows.net')]"
                }
              ],
              "cors": {
                "allowedOrigins": [
                  "https://portal.azure.com"
                ]
              },
              "use32BitWorkerProcess": "[parameters('use32BitWorkerProcess')]",
              "alwaysOn": "[parameters('alwaysOn')]",
              "netFrameworkVersion": "[parameters('netFrameworkVersion')]"
            },
            "serverFarmId": "[concat('/subscriptions/', parameters('subscriptionId'),'/resourcegroups/', parameters('serverFarmResourceGroup'), '/providers/Microsoft.Web/serverfarms/', parameters('hostingPlanName'))]",
            "clientAffinityEnabled": false,
            "virtualNetworkSubnetId": null
          }
        },
        {
          "apiVersion": "2020-02-02-preview",
          "name": "##RESOURCENAME##",
          "type": "microsoft.insights/components",
          "location": "eastus",
          "tags": {
            "CreatedBy": "Krishna Polisetty"
          },
          "dependsOn": [],
          "properties": {
            "ApplicationId": "[parameters('name')]",
            "Request_Source": "IbizaWebAppExtensionCreate",
            "Flow_Type": "Redfield",
            "Application_Type": "web",
            "WorkspaceResourceId": "/subscriptions/##SUBSCRIPTION##/resourcegroups/defaultresourcegroup-eus/providers/microsoft.operationalinsights/workspaces/defaultworkspace-##SUBSCRIPTION##-eus"
          }
        }
      ]
    }
  }
}