{
  "properties": {
    "mode": "Incremental",
    "template": {
      "$schema": "https://schema.management.azure.com/schemas/2019-04-01/deploymentTemplate.json#",
      "contentVersion": "1.0.0.0",
      "parameters": {
        "containerGroups_spacyapicontainer_name": {
          "defaultValue": "##RESOURCENAME##",
          "type": "String"
        }
      },
      "variables": {},
      "resources": [
        {
          "type": "Microsoft.ContainerInstance/containerGroups",
          "apiVersion": "2021-10-01",
          "name": "[parameters('containerGroups_spacyapicontainer_name')]",
          "location": "##LOCATION##",
          "tags": {
            "CreatedBy": "Krishna Polisetty",
            "Description": "Spacy Image : bbieniek/spacyapi:en_v3"
          },
          "properties": {
            "sku": "Standard",
            "containers": [
              {
                "name": "[parameters('containerGroups_spacyapicontainer_name')]",
                "properties": {
                  "image": "bbieniek/spacyapi:en_v3",
                  "ports": [
                    {
                      "protocol": "TCP",
                      "port": 80
                    }
                  ],
                  "environmentVariables": [],
                  "resources": {
                    "requests": {
                      "memoryInGB": 1.5,
                      "cpu": 1
                    }
                  }
                }
              }
            ],
            "initContainers": [],
            "restartPolicy": "OnFailure",
            "ipAddress": {
              "ports": [
                {
                  "protocol": "TCP",
                  "port": 80
                }
              ],
              "ip": "20.124.137.7",
              "type": "Public",
              "dnsNameLabel": "##RESOURCENAME##"
            },
            "osType": "Linux"
          }
        }
      ]
    }
  }
}
