{
  "Downloads": [
    {
      "Link": "https://tile.loc.gov/storage-services/master/gdc/gdcdatasets/2018487913/2018487913.zip",
      "DownloadType": "Email",
      "Container": "unstructured",
      "Folder": "enron",
      "RequestBody": "",
      "RequestVerb": "",
      "Token": "",
      "FileName": ""
    }
  ],
  "Databases": [
    {
      "Connection": "Server=tcp:i3sqlanalytics.database.windows.net,1433;Initial Catalog=AdventureWorks2019;Persist Security Info=False;User ID=i3admin;Password=!@QWASZX12qwaszx;MultipleActiveResultSets=False;Encrypt=True;TrustServerCertificate=False;Connection Timeout=30;",
      "Schemas": "Person",
      "Type": "SQLServer",
      "Container": "structured",
      "Folder": "i3db"
    }
  ],
  "PDFs": [
    {
      "Container": "unstructured",
      "Folder": "pdfs"
    }
  ],
  "Word": [
    {
      "Container": "unstructured",
      "Folder": "word"
    }
  ],
  "DefaultSettings": {
    "Container": "structured",
    "Folder": "files",
    "StorageAccount": "##STORAGE##",
    "StorageAccountKey": "##STORAGEKEY##",
    "SpacyEndPointURL": "http://idapv2spacy.eastus.azurecontainer.io/ent",
    "StorageServiceURI": "https://##STORAGE##.blob.core.windows.net/",
    "AzureCognitiveServicesKey": "3f6818740d4a43f48fc3929de7e8699e",
    "AzureCognitiveServiceURI": "https://eastus.api.cognitive.microsoft.com/",
    "AdministratorEmail": "##ADMINEMAIL##"
  }
}