{
  "properties": {
    "mode": "Incremental",
    "template": {
      "$schema": "https://schema.management.azure.com/schemas/2019-04-01/deploymentTemplate.json#",
      "contentVersion": "1.0.0.0",
      "parameters": {
        "accounts_##RESOURCENAME##_name": {
          "defaultValue": "##RESOURCENAME##",
          "type": "String"
        },
        "storageAccounts_##STORAGE##_externalid": {
          "defaultValue": "/subscriptions/##SUBSCRIPTION##/resourceGroups/##RESOURCEGROUP##/providers/Microsoft.Storage/storageAccounts/##STORAGE##",
          "type": "String"
        }
      },
      "variables": {},
      "resources": [
        {
          "type": "Microsoft.CognitiveServices/accounts",
          "apiVersion": "2022-03-01",
          "name": "[parameters('accounts_##RESOURCENAME##_name')]",
          "location": "eastus",
          "sku": {
            "name": "S"
          },
          "kind": "TextAnalytics",
          "identity": {
            "type": "SystemAssigned"
          },
          "properties": {
            "apiProperties": {},
            "userOwnedStorage": [
              {
                "resourceId": "[parameters('storageAccounts_##STORAGE##_externalid')]"
              }
            ],
            "publicNetworkAccess": "Enabled"
          }
        }
      ]
    }
  }
}
