{
  "properties": {
    "linkedServiceName": {
      "referenceName": "##STORAGE##lnk",
      "type": "LinkedServiceReference"
    },
    "annotations": [],
    "type": "Json",
    "typeProperties": {
      "location": {
        "type": "AzureBlobFSLocation",
        "fileName": "downloadlinks.json",
        "fileSystem": "analytics"
      }
    },
    "schema": {
      "type": "object",
      "properties": {
        "links": {
          "type": "array",
          "items": {
            "type": "string"
          }
        }
      }
    }
  },
  "type": "Microsoft.Synapse/workspaces/datasets"
}

