{
  "name": "MLNotebook",
  "properties": {
    "description": "ML Notebook",
    "nbformat": 4,
    "nbformat_minor": 2,
    "bigDataPool": {
      "referenceName": "##SYNAPSEPOOL##",
      "type": "BigDataPoolReference"
    },
    "sessionProperties": {
      "driverMemory": "64g",
      "driverCores": 8,
      "executorMemory": "64g",
      "executorCores": 8,
      "numExecutors": 1
    },
    "metadata": {
      "language_info": {
        "name": "python"
      },
      "kernelspec": {
        "name": "MLNotebook",
        "display_name": "MLNotebook"
      }
    },
    "cells": [
      {
        "cell_type": "code",
        "execution_count": null,
        "outputs": [],
        "metadata": {},
        "source": []
      }
    ]
  }
}