{
  "properties": {
    "activities": [
      {
        "name": "Is Email Processor Complete",
        "type": "Until",
        "dependsOn": [
          {
            "activity": "Start Email Processor",
            "dependencyConditions": [
              "Succeeded"
            ]
          }
        ],
        "userProperties": [],
        "typeProperties": {
          "expression": {
            "value": "@not(or(equals(activity('Get Email Processor Status').output.runtimeStatus,'Pending'),equals(activity('Get Email Processor Status').output.runtimeStatus,'Pending')))\n\n",
            "type": "Expression"
          },
          "activities": [
            {
              "name": "Get Email Processor Status",
              "type": "WebActivity",
              "dependsOn": [],
              "policy": {
                "timeout": "7.00:00:00",
                "retry": 0,
                "retryIntervalInSeconds": 30,
                "secureOutput": false,
                "secureInput": false
              },
              "userProperties": [],
              "typeProperties": {
                "url": {
                  "value": "@activity('Start Email Processor').output.statusQueryGetUri",
                  "type": "Expression"
                },
                "connectVia": {
                  "referenceName": "AutoResolveIntegrationRuntime",
                  "type": "IntegrationRuntimeReference"
                },
                "method": "GET"
              }
            }
          ],
          "timeout": "7.00:00:00"
        }
      },
      {
        "name": "Start Email Processor",
        "type": "AzureFunctionActivity",
        "dependsOn": [
          {
            "activity": "Get Pipeline Settings",
            "dependencyConditions": [
              "Succeeded"
            ]
          }
        ],
        "policy": {
          "timeout": "7.00:00:00",
          "retry": 0,
          "retryIntervalInSeconds": 30,
          "secureOutput": false,
          "secureInput": false
        },
        "userProperties": [],
        "typeProperties": {
          "functionName": "EmailParserToParquetPipeline_HttpStart",
          "method": "POST",
          "body": {
            "value": "@activity('Get Pipeline Settings').output.value[0]",
            "type": "Expression"
          }
        },
        "linkedServiceName": {
          "referenceName": "##FUNCTION##",
          "type": "LinkedServiceReference"
        }
      },
      {
        "name": "Get Pipeline Settings",
        "type": "Lookup",
        "dependsOn": [],
        "policy": {
          "timeout": "7.00:00:00",
          "retry": 0,
          "retryIntervalInSeconds": 30,
          "secureOutput": false,
          "secureInput": false
        },
        "userProperties": [],
        "typeProperties": {
          "source": {
            "type": "JsonSource",
            "storeSettings": {
              "type": "AzureBlobFSReadSettings",
              "recursive": false,
              "enablePartitionDiscovery": false
            },
            "formatSettings": {
              "type": "JsonReadSettings"
            }
          },
          "dataset": {
            "referenceName": "DownloadLinks",
            "type": "DatasetReference"
          },
          "firstRowOnly": false
        }
      }
    ],
    "parameters": {
      "apiURL": {
        "type": "string",
        "defaultValue": "https://tile.loc.gov/storage-services/master/gdc/gdcdatasets/2018487913/2018487913.zip"
      },
      "appName": {
        "type": "string",
        "defaultValue": "idapv2"
      },
      "category": {
        "type": "string",
        "defaultValue": "enron"
      },
      "accessKey": {
        "type": "string"
      },
      "query": {
        "type": "string",
        "defaultValue": "2018487913.zip"
      }
    },
    "annotations": [],
    "lastPublishTime": "2022-02-04T12:03:00Z"
  },
  "type": "Microsoft.Synapse/workspaces/pipelines"
}