{
  "properties": {
    "activities": [
      {
        "name": "Run Spacy on Emails",
        "type": "SynapseNotebook",
        "dependsOn": [
          {
            "activity": "Get Pipeline Settings",
            "dependencyConditions": [
              "Skipped"
            ]
          }
        ],
        "policy": {
          "timeout": "7.00:00:00",
          "retry": 0,
          "retryIntervalInSeconds": 30,
          "secureOutput": false,
          "secureInput": false
        },
        "userProperties": [],
        "typeProperties": {
          "notebook": {
            "referenceName": "SpacyServicesonEmails",
            "type": "NotebookReference"
          },
          "parameters": {
            "container": {
              "value": {
                "value": "@activity('Get Pipeline Settings').output.value[0].DefaultSettings.Container",
                "type": "Expression"
              },
              "type": "string"
            },
            "category": {
              "value": {
                "value": "@activity('Get Pipeline Settings').output.value[0].DefaultSettings.Folder",
                "type": "Expression"
              },
              "type": "string"
            }
          },
          "snapshot": true,
          "sparkPool": {
            "referenceName": "##SYNAPSEPOOL##",
            "type": "BigDataPoolReference"
          }
        }
      },
      {
        "name": "Get Pipeline Settings",
        "type": "Lookup",
        "dependsOn": [],
        "policy": {
          "timeout": "7.00:00:00",
          "retry": 0,
          "retryIntervalInSeconds": 30,
          "secureOutput": false,
          "secureInput": false
        },
        "userProperties": [],
        "typeProperties": {
          "source": {
            "type": "JsonSource",
            "storeSettings": {
              "type": "AzureBlobFSReadSettings",
              "recursive": false,
              "enablePartitionDiscovery": false
            },
            "formatSettings": {
              "type": "JsonReadSettings"
            }
          },
          "dataset": {
            "referenceName": "DownloadLinks",
            "type": "DatasetReference"
          },
          "firstRowOnly": false
        }
      },
      {
        "name": "Run Spacy on Word Documents",
        "type": "AzureFunctionActivity",
        "dependsOn": [
          {
            "activity": "Get Pipeline Settings",
            "dependencyConditions": [
              "Succeeded"
            ]
          }
        ],
        "policy": {
          "timeout": "7.00:00:00",
          "retry": 0,
          "retryIntervalInSeconds": 30,
          "secureOutput": false,
          "secureInput": false
        },
        "userProperties": [],
        "typeProperties": {
          "functionName": "WordDocumentsRelationsPipeline_HttpStart",
          "method": "POST",
          "body": {
            "value": "@activity('Get Pipeline Settings').output.value[0]",
            "type": "Expression"
          }
        },
        "linkedServiceName": {
          "referenceName": "##FUNCTION##",
          "type": "LinkedServiceReference"
        }
      },
      {
        "name": "Run Spacy on PDF Documents",
        "type": "AzureFunctionActivity",
        "dependsOn": [
          {
            "activity": "Get Pipeline Settings",
            "dependencyConditions": [
              "Succeeded"
            ]
          }
        ],
        "policy": {
          "timeout": "7.00:00:00",
          "retry": 0,
          "retryIntervalInSeconds": 30,
          "secureOutput": false,
          "secureInput": false
        },
        "userProperties": [],
        "typeProperties": {
          "functionName": "PDFDocumentsRelationsPipeline_HttpStart",
          "method": "POST",
          "body": {
            "value": "@activity('Get Pipeline Settings').output.value[0]",
            "type": "Expression"
          }
        },
        "linkedServiceName": {
          "referenceName": "##FUNCTION##",
          "type": "LinkedServiceReference"
        }
      },
      {
        "name": "Run Spacy on Databases",
        "type": "AzureFunctionActivity",
        "dependsOn": [
          {
            "activity": "Get Pipeline Settings",
            "dependencyConditions": [
              "Succeeded"
            ]
          }
        ],
        "policy": {
          "timeout": "7.00:00:00",
          "retry": 0,
          "retryIntervalInSeconds": 30,
          "secureOutput": false,
          "secureInput": false
        },
        "userProperties": [],
        "typeProperties": {
          "functionName": "RelationsPipeline",
          "method": "POST",
          "body": {
            "value": "@activity('Get Pipeline Settings').output.value[0]",
            "type": "Expression"
          }
        },
        "linkedServiceName": {
          "referenceName": "##FUNCTION##",
          "type": "LinkedServiceReference"
        }
      }
    ],
    "annotations": [],
    "lastPublishTime": "2022-07-26T11:52:27Z"
  },
  "type": "Microsoft.Synapse/workspaces/pipelines"
}