{
  "name": "MLPipeline",
  "properties": {
    "activities": [
      {
        "name": "Get Pipeline Settings",
        "type": "Lookup",
        "dependsOn": [],
        "policy": {
          "timeout": "7.00:00:00",
          "retry": 0,
          "retryIntervalInSeconds": 30,
          "secureOutput": false,
          "secureInput": false
        },
        "userProperties": [],
        "typeProperties": {
          "source": {
            "type": "JsonSource",
            "storeSettings": {
              "type": "AzureBlobFSReadSettings",
              "recursive": false,
              "enablePartitionDiscovery": false
            },
            "formatSettings": {
              "type": "JsonReadSettings"
            }
          },
          "dataset": {
            "referenceName": "DownloadLinks",
            "type": "DatasetReference"
          },
          "firstRowOnly": false
        }
      },
      {
        "name": "ML Notebook",
        "type": "SynapseNotebook",
        "dependsOn": [
          {
            "activity": "Get Pipeline Settings",
            "dependencyConditions": [
              "Succeeded"
            ]
          }
        ],
        "policy": {
          "timeout": "7.00:00:00",
          "retry": 0,
          "retryIntervalInSeconds": 30,
          "secureOutput": false,
          "secureInput": false
        },
        "userProperties": [],
        "typeProperties": {
          "notebook": {
            "referenceName": "MLNotebook",
            "type": "NotebookReference"
          },
          "snapshot": true,
          "sparkPool": {
            "referenceName": "##SYNAPSEPOOL##",
            "type": "BigDataPoolReference"
          }
        }
      }
    ],
    "annotations": [],
    "lastPublishTime": "2022-02-11T16:15:12Z"
  },
  "type": "Microsoft.Synapse/workspaces/pipelines"
}