{
  "properties": {
    "activities": [
      {
        "name": "Get Pipeline Settings",
        "type": "Lookup",
        "dependsOn": [],
        "policy": {
          "timeout": "7.00:00:00",
          "retry": 0,
          "retryIntervalInSeconds": 30,
          "secureOutput": false,
          "secureInput": false
        },
        "userProperties": [],
        "typeProperties": {
          "source": {
            "type": "JsonSource",
            "storeSettings": {
              "type": "AzureBlobFSReadSettings",
              "recursive": false,
              "enablePartitionDiscovery": false
            },
            "formatSettings": {
              "type": "JsonReadSettings"
            }
          },
          "dataset": {
            "referenceName": "DownloadLinks",
            "type": "DatasetReference"
          },
          "firstRowOnly": false
        }
      },
      {
        "name": "Refresh PowerBI Reports",
        "type": "AzureFunctionActivity",
        "dependsOn": [
          {
            "activity": "Get Pipeline Settings",
            "dependencyConditions": [
              "Succeeded"
            ]
          }
        ],
        "policy": {
          "timeout": "7.00:00:00",
          "retry": 0,
          "retryIntervalInSeconds": 30,
          "secureOutput": false,
          "secureInput": false
        },
        "userProperties": [],
        "typeProperties": {
          "functionName": "RefreshPowerBIReport_HttpStart",
          "method": "POST",
          "body": {
            "value": "@activity('Get Pipeline Settings').output.value[0]",
            "type": "Expression"
          }
        },
        "linkedServiceName": {
          "referenceName": "##FUNCTION##",
          "type": "LinkedServiceReference"
        }
      }
    ],
    "annotations": [],
    "lastPublishTime": "2022-07-26T13:12:07Z"
  },
  "type": "Microsoft.Synapse/workspaces/pipelines"
}