{
  "name": "IntegrationPipeline",
  "properties": {
    "activities": [
      {
        "name": "Download Pipeline",
        "type": "ExecutePipeline",
        "dependsOn": [],
        "userProperties": [],
        "typeProperties": {
          "pipeline": {
            "referenceName": "DownloadPipeline",
            "type": "PipelineReference"
          },
          "waitOnCompletion": true
        }
      },
      {
        "name": "Email Pipeline",
        "type": "ExecutePipeline",
        "dependsOn": [
          {
            "activity": "Data Cleanup Pipeline",
            "dependencyConditions": [
              "Succeeded"
            ]
          }
        ],
        "userProperties": [],
        "typeProperties": {
          "pipeline": {
            "referenceName": "EmailPipeline",
            "type": "PipelineReference"
          },
          "waitOnCompletion": true
        }
      },
      {
        "name": "Spacy Services Pipeline",
        "type": "ExecutePipeline",
        "dependsOn": [
          {
            "activity": "Email Pipeline",
            "dependencyConditions": [
              "Succeeded"
            ]
          }
        ],
        "userProperties": [],
        "typeProperties": {
          "pipeline": {
            "referenceName": "SpacyPipeline",
            "type": "PipelineReference"
          },
          "waitOnCompletion": true
        }
      },
      {
        "name": "Data Cleanup Pipeline",
        "type": "ExecutePipeline",
        "dependsOn": [
          {
            "activity": "Download Pipeline",
            "dependencyConditions": [
              "Succeeded"
            ]
          }
        ],
        "userProperties": [],
        "typeProperties": {
          "pipeline": {
            "referenceName": "DataCleanupPipeline",
            "type": "PipelineReference"
          },
          "waitOnCompletion": true
        }
      },
      {
        "name": "ML Pipeline",
        "type": "ExecutePipeline",
        "dependsOn": [
          {
            "activity": "Email Pipeline",
            "dependencyConditions": [
              "Succeeded"
            ]
          }
        ],
        "userProperties": [],
        "typeProperties": {
          "pipeline": {
            "referenceName": "MLPipeline",
            "type": "PipelineReference"
          },
          "waitOnCompletion": true
        }
      }
    ],
    "annotations": [],
    "lastPublishTime": "2022-02-18T15:44:20Z"
  },
  "type": "Microsoft.Synapse/workspaces/pipelines"
}